{
  "hash": "a9c04278",
  "configHash": "0d789cdd",
  "lockfileHash": "cac0f3c2",
  "browserHash": "dbfdeda2",
  "optimized": {
    "@angular/common": {
      "src": "../../../../../../node_modules/@angular/common/fesm2022/common.mjs",
      "file": "@angular_common.js",
      "fileHash": "5750ec67",
      "needsInterop": false
    },
    "@angular/common/http": {
      "src": "../../../../../../node_modules/@angular/common/fesm2022/http.mjs",
      "file": "@angular_common_http.js",
      "fileHash": "78302a28",
      "needsInterop": false
    },
    "@angular/common/locales/vi": {
      "src": "../../../../../../node_modules/@angular/common/locales/vi.mjs",
      "file": "@angular_common_locales_vi.js",
      "fileHash": "9b097305",
      "needsInterop": false
    },
    "@angular/core": {
      "src": "../../../../../../node_modules/@angular/core/fesm2022/core.mjs",
      "file": "@angular_core.js",
      "fileHash": "bad2c103",
      "needsInterop": false
    },
    "@angular/forms": {
      "src": "../../../../../../node_modules/@angular/forms/fesm2022/forms.mjs",
      "file": "@angular_forms.js",
      "fileHash": "88ea7f0a",
      "needsInterop": false
    },
    "@angular/platform-browser": {
      "src": "../../../../../../node_modules/@angular/platform-browser/fesm2022/platform-browser.mjs",
      "file": "@angular_platform-browser.js",
      "fileHash": "1ff15e2d",
      "needsInterop": false
    },
    "@angular/platform-server": {
      "src": "../../../../../../node_modules/@angular/platform-server/fesm2022/platform-server.mjs",
      "file": "@angular_platform-server.js",
      "fileHash": "69817bd8",
      "needsInterop": false
    },
    "@angular/router": {
      "src": "../../../../../../node_modules/@angular/router/fesm2022/router.mjs",
      "file": "@angular_router.js",
      "fileHash": "2ff66aeb",
      "needsInterop": false
    },
    "@angular/ssr": {
      "src": "../../../../../../node_modules/@angular/ssr/fesm2022/ssr.mjs",
      "file": "@angular_ssr.js",
      "fileHash": "c6c13405",
      "needsInterop": false
    },
    "@angular/ssr/node": {
      "src": "../../../../../../node_modules/@angular/ssr/fesm2022/node.mjs",
      "file": "@angular_ssr_node.js",
      "fileHash": "96781d7f",
      "needsInterop": false
    },
    "express": {
      "src": "../../../../../../node_modules/express/index.js",
      "file": "express.js",
      "fileHash": "48b1e315",
      "needsInterop": true
    }
  },
  "chunks": {
    "xhr2-TXIMV6CV": {
      "file": "xhr2-TXIMV6CV.js"
    },
    "chunk-QFJVO6W6": {
      "file": "chunk-QFJVO6W6.js"
    },
    "chunk-FQB7JBHF": {
      "file": "chunk-FQB7JBHF.js"
    },
    "chunk-7MMKJ34Y": {
      "file": "chunk-7MMKJ34Y.js"
    },
    "chunk-NP4ARVCK": {
      "file": "chunk-NP4ARVCK.js"
    },
    "chunk-LKIEHLDH": {
      "file": "chunk-LKIEHLDH.js"
    },
    "chunk-ISLDYWGG": {
      "file": "chunk-ISLDYWGG.js"
    },
    "chunk-AWFF3HDW": {
      "file": "chunk-AWFF3HDW.js"
    },
    "chunk-AYIISLBR": {
      "file": "chunk-AYIISLBR.js"
    },
    "chunk-YHCV7DAQ": {
      "file": "chunk-YHCV7DAQ.js"
    }
  }
}