{
  "hash": "ec4df3fa",
  "configHash": "b6f86fd9",
  "lockfileHash": "cac0f3c2",
  "browserHash": "2cc429e1",
  "optimized": {
    "@angular/common": {
      "src": "../../../../../../node_modules/@angular/common/fesm2022/common.mjs",
      "file": "@angular_common.js",
      "fileHash": "ec3583fa",
      "needsInterop": false
    },
    "@angular/common/http": {
      "src": "../../../../../../node_modules/@angular/common/fesm2022/http.mjs",
      "file": "@angular_common_http.js",
      "fileHash": "ce356c57",
      "needsInterop": false
    },
    "@angular/common/locales/vi": {
      "src": "../../../../../../node_modules/@angular/common/locales/vi.mjs",
      "file": "@angular_common_locales_vi.js",
      "fileHash": "d042ac41",
      "needsInterop": false
    },
    "@angular/core": {
      "src": "../../../../../../node_modules/@angular/core/fesm2022/core.mjs",
      "file": "@angular_core.js",
      "fileHash": "9b40cbaa",
      "needsInterop": false
    },
    "@angular/forms": {
      "src": "../../../../../../node_modules/@angular/forms/fesm2022/forms.mjs",
      "file": "@angular_forms.js",
      "fileHash": "02650d86",
      "needsInterop": false
    },
    "@angular/platform-browser": {
      "src": "../../../../../../node_modules/@angular/platform-browser/fesm2022/platform-browser.mjs",
      "file": "@angular_platform-browser.js",
      "fileHash": "2fd382b0",
      "needsInterop": false
    },
    "@angular/router": {
      "src": "../../../../../../node_modules/@angular/router/fesm2022/router.mjs",
      "file": "@angular_router.js",
      "fileHash": "309ef0c1",
      "needsInterop": false
    }
  },
  "chunks": {
    "chunk-QQPRIGWR": {
      "file": "chunk-QQPRIGWR.js"
    },
    "chunk-AXJJTSM4": {
      "file": "chunk-AXJJTSM4.js"
    },
    "chunk-IR3ZUSDD": {
      "file": "chunk-IR3ZUSDD.js"
    },
    "chunk-EJD3TYDU": {
      "file": "chunk-EJD3TYDU.js"
    },
    "chunk-YBHDUQOF": {
      "file": "chunk-YBHDUQOF.js"
    },
    "chunk-WDMUDEB6": {
      "file": "chunk-WDMUDEB6.js"
    }
  }
}